sample_id,target,ct
NO_7_C,N2,34.30711365
NO_7_C,N2,35.09724426
MI_7_C,N2,35.98116302
NO_7_A,N2,37.00187302
NO_7_C,N2,37.04083633
NO_7_A,N2,37.07103348
MI_7_C,N2,39.0252533
MI_7_C,N2,40
NO_7_C,N2,40
NO_7_C,N2,40
NO_7_C,N2,40
NO_7_C,N2,40
NO_7_C,N2,40
NO_7_A,N2,40
NO_7_A,N2,40
MI_7_A,N2,40
MI_7_A,N2,40
MI_7_A,N2,40
MI_7_C,N2,40
MI_7_C,N2,40
MI_7_C,N2,40
NO_7_A,N2,40
NO_7_A,N2,40
MI_7_B,N2,40
MI_7_B,N2,40
MI_7_B,N2,40
NO_7_C,N2,40
NO_7_B,N2,40
NO_7_B,N2,40
NO_7_B,N2,40
CC_7_C,N2,40
CC_7_C,N2,40
CC_7_C,N2,40
CC_8_B,N2,36.17324066
NO_8_A,N2,36.68797684
CC_8_A,N2,36.71866608
NO_8_A,N2,36.96909332
NO_8_A,N2,40
NO_8_A,N2,40
MI_8_B,N2,40
MI_8_B,N2,40
MI_8_B,N2,40
MI_8_A,N2,40
MI_8_A,N2,40
MI_8_A,N2,40
NO_8_A,N2,40
NO_8_A,N2,40
NO_8_B,N2,40
NO_8_B,N2,40
NO_8_B,N2,40
CC_8_A,N2,40
CC_8_A,N2,40
CC_8_B,N2,40
CC_8_B,N2,40
NO_9_B,N2,34.7583313
MI_9_A,N2,35.49347305
MI_9_A,N2,35.52126694
NO_9_A,N2,36.43680573
NO_9_A,N2,36.75882721
NO_9_A,N2,36.85206604
NO_9_A,N2,40
MI_9_B,N2,40
MI_9_B,N2,40
MI_9_B,N2,40
MI_9_A,N2,40
NO_9_A,N2,40
NO_9_A,N2,40
NO_9_B,N2,40
NO_9_B,N2,40
MI_10_B,N2,34.18562698
MI_10_B,N2,34.27371979
MI_10_A,N2,34.80694962
MI_10_A,N2,35.96951675
NO_10_B,N2,36.11449814
NO_10_B,N2,36.29841232
MI_10_A,N2,36.36291885
CC_10_A,N2,36.97867584
NO_10_A,N2,37.08953857
CC_10_A,N2,37.77200699
MI_10_B,N2,40
NO_10_A,N2,40
NO_10_A,N2,40
NO_10_B,N2,40
CC_10_A,N2,40
CC_10_B,N2,40
CC_10_B,N2,40
CC_10_B,N2,40
NO_11_B,N2,35.31305313
CC_11_B,N2,35.82485199
MI_11_B,N2,35.82836914
NO_11_B,N2,35.83443069
MI_11_B,N2,35.88684082
MI_11_B,N2,35.91749573
NO_11_A,N2,36.38441467
MI_11_A,N2,40
MI_11_A,N2,40
MI_11_A,N2,40
NO_11_A,N2,40
NO_11_A,N2,40
NO_11_B,N2,40
CC_11_A,N2,40
CC_11_A,N2,40
CC_11_A,N2,40
CC_11_B,N2,40
CC_11_B,N2,40
NO_12_B,N2,37.08876419
MI_12_A,N2,40
MI_12_A,N2,40
MI_12_A,N2,40
MI_12_B,N2,40
MI_12_B,N2,40
MI_12_B,N2,40
NO_12_A,N2,40
NO_12_A,N2,40
NO_12_A,N2,40
NO_12_B,N2,40
NO_12_B,N2,40
CC_12_A,N2,40
CC_12_A,N2,40
CC_12_A,N2,40
CC_12_B,N2,40
CC_12_B,N2,40
CC_12_B,N2,40
NO_13_B,N2,36.81105423
MI_13_A,N2,40
MI_13_A,N2,40
MI_13_A,N2,40
MI_13_B,N2,40
MI_13_B,N2,40
MI_13_B,N2,40
NO_13_A,N2,40
NO_13_A,N2,40
NO_13_A,N2,40
NO_13_B,N2,40
NO_13_B,N2,40
CC_13_A,N2,40
CC_13_A,N2,40
CC_13_A,N2,40
CC_13_B,N2,40
CC_13_B,N2,40
CC_13_B,N2,40
CC_14_B,N2,35.65394592
CC_14_A,N2,35.85482407
CC_14_B,N2,35.86466217
CC_14_B,N2,35.92063141
MI_14_A,N2,36.07876205
NO_14_B,N2,36.95197678
MI_14_B,N2,36.97154236
NO_14_B,N2,36.97654343
NO_14_A,N2,37.00615311
MI_14_B,N2,37.01802826
NO_14_A,N2,40
NO_14_A,N2,40
NO_14_B,N2,40
MI_14_A,N2,40
MI_14_A,N2,40
MI_14_B,N2,40
CC_14_A,N2,40
CC_14_A,N2,40
NO_15_A,N2,36.51285553
MI_15_B,N2,37.00814438
CC_15_B,N2,37.05305862
MI_15_A,N2,40
MI_15_A,N2,40
MI_15_A,N2,40
MI_15_B,N2,40
MI_15_B,N2,40
NO_15_A,N2,40
NO_15_A,N2,40
NO_15_B,N2,40
NO_15_B,N2,40
NO_15_B,N2,40
CC_15_A,N2,40
CC_15_A,N2,40
CC_15_A,N2,40
CC_15_B,N2,40
CC_15_B,N2,40
NO_16_B,N2,34.3060379
NO_16_A,N2,35.01486206
MI_16_B,N2,35.54123688
CC_16_B,N2,35.66923141
CC_16_A,N2,35.86688995
MI_16_A,N2,35.99620819
NO_16_B,N2,36.29591751
NO_16_A,N2,36.31856155
NO_16_A,N2,37.07648087
MI_16_A,N2,40
MI_16_A,N2,40
MI_16_B,N2,40
MI_16_B,N2,40
NO_16_B,N2,40
CC_16_A,N2,40
CC_16_A,N2,40
CC_16_B,N2,40
CC_16_B,N2,40
NO_17_B,N2,35.15188599
NO_17_A,N2,35.19487381
MI_17_A,N2,35.30540085
MI_17_B,N2,35.35771942
CC_17_A,N2,35.6877327
NO_17_B,N2,35.80091476
NO_17_A,N2,35.95957947
MI_17_B,N2,36.06287766
NO_17_A,N2,36.65527725
NO_17_B,N2,36.70161438
MI_17_B,N2,36.94585037
MI_17_A,N2,37.04123306
MI_17_A,N2,40
CC_17_A,N2,40
CC_17_A,N2,40
CC_17_B,N2,40
CC_17_B,N2,40
CC_17_B,N2,40
CC_18_B,N2,34.80220795
MI_18_D,N2,34.80519485
MI_18_D,N2,34.94671249
NO_18_A,N2,34.95148849
MI_18_C,N2,35.34418488
NO_18_B,N2,35.9205513
NO_18_B,N2,36.00004578
MI_18_B,N2,36.73039627
NO_18_D,N2,37.01213837
NO_18_A,N2,37.03889084
MI_18_C,N2,37.08827972
MI_18_A,N2,40
MI_18_A,N2,40
MI_18_A,N2,40
MI_18_B,N2,40
MI_18_B,N2,40
NO_18_A,N2,40
NO_18_B,N2,40
MI_18_C,N2,40
MI_18_D,N2,40
NO_18_C,N2,40
NO_18_C,N2,40
NO_18_C,N2,40
NO_18_D,N2,40
NO_18_D,N2,40
CC_18_A,N2,40
CC_18_A,N2,40
CC_18_A,N2,40
CC_18_B,N2,40
CC_18_B,N2,40
MI_19_B,N2,35.81874466
NO_19_A,N2,35.87633514
MI_19_A,N2,36.2165451
MI_19_A,N2,36.22134781
NO_19_A,N2,36.42221451
MI_19_B,N2,36.8588028
MI_19_B,N2,37.07063293
NO_19_B,N2,37.10762787
MI_19_A,N2,40
MI_19_A,N2,40
MI_19_A,N2,40
MI_19_B,N2,40
NO_19_A,N2,40
NO_19_A,N2,40
NO_19_B,N2,40
NO_19_B,N2,40
MI_19_A,N2,40
MI_19_B,N2,40
MI_19_B,N2,40
NO_19_A,N2,40
NO_19_A,N2,40
NO_19_B,N2,40
NO_19_B,N2,40
NO_19_B,N2,40
CC_19_A,N2,40
CC_19_A,N2,40
CC_19_A,N2,40
CC_19_B,N2,40
CC_19_B,N2,40
CC_19_B,N2,40
MI_20_B,N2,36.94723511
MI_20_A,N2,37.00232315
MI_20_A,N2,40
MI_20_A,N2,40
MI_20_B,N2,40
MI_20_B,N2,40
NO_20_A,N2,40
NO_20_A,N2,40
NO_20_A,N2,40
NO_20_B,N2,40
NO_20_B,N2,40
NO_20_B,N2,40
CC_20_A,N2,40
CC_20_A,N2,40
CC_20_A,N2,40
CC_20_B,N2,40
CC_20_B,N2,40
CC_20_B,N2,40
CC_21_A,N2,36.2387085
CC_21_A,N2,36.30294418
NO_21_A,N2,36.9985466
NO_21_B,N2,40
NO_21_B,N2,40
NO_21_B,N2,40
CC_21_A,N2,40
CC_21_B,N2,40
CC_21_B,N2,40
CC_21_B,N2,40
MI_21_A,N2,40
MI_21_A,N2,40
MI_21_A,N2,40
MI_21_B,N2,40
MI_21_B,N2,40
MI_21_B,N2,40
NO_21_A,N2,40
NO_21_A,N2,40
NO_22_B,N2,34.81875992
NO_22_A,N2,35.9404068
NO_22_B,N2,35.94340134
NO_22_C,N2,36.24595261
NO_22_A,N2,36.93712616
NO_22_C,N2,37.05121231
NO_22_A,N2,40
CC_22_A,N2,40
CC_22_A,N2,40
CC_22_A,N2,40
NO_22_B,N2,40
CC_22_B,N2,40
CC_22_B,N2,40
CC_22_B,N2,40
NO_22_C,N2,40
CC_22_C,N2,40
CC_22_C,N2,40
CC_22_C,N2,40
MI_22_A,N2,40
MI_22_A,N2,40
MI_22_A,N2,40
MI_22_B,N2,40
MI_22_B,N2,40
MI_22_B,N2,40
MI_22_C,N2,40
MI_22_C,N2,40
MI_22_C,N2,40
NO_23_A,N2,36.28141785
MI_23_C,N2,36.3941803
NO_23_C,N2,36.4458046
NO_23_B,N2,36.84003448
NO_23_B,N2,37.05987167
NO_23_A,N2,40
NO_23_A,N2,40
CC_23_A,N2,40
CC_23_A,N2,40
CC_23_A,N2,40
NO_23_B,N2,40
CC_23_B,N2,40
CC_23_B,N2,40
CC_23_B,N2,40
NO_23_C,N2,40
NO_23_C,N2,40
CC_23_C,N2,40
CC_23_C,N2,40
CC_23_C,N2,40
MI_23_A,N2,40
MI_23_A,N2,40
MI_23_A,N2,40
MI_23_B,N2,40
MI_23_B,N2,40
MI_23_B,N2,40
MI_23_C,N2,40
MI_23_C,N2,40
CC_24_B,N2,34.69803619
NO_24_B,N2,35.26902008
MI_24_A,N2,35.66901779
NO_24_C,N2,35.67445374
MI_24_A,N2,35.70503998
MI_24_B,N2,35.73795319
MI_24_C,N2,35.88476563
CC_24_C,N2,36.58752441
MI_24_B,N2,37.08217621
NO_24_A,N2,40
NO_24_A,N2,40
NO_24_A,N2,40
CC_24_A,N2,40
CC_24_A,N2,40
CC_24_A,N2,40
NO_24_B,N2,40
NO_24_B,N2,40
CC_24_B,N2,40
CC_24_B,N2,40
NO_24_C,N2,40
NO_24_C,N2,40
CC_24_C,N2,40
CC_24_C,N2,40
MI_24_A,N2,40
MI_24_B,N2,40
MI_24_C,N2,40
MI_24_C,N2,40
MI_25_A,N2,37.00466156
NO_25_A,N2,40
NO_25_A,N2,40
NO_25_A,N2,40
MI_25_A,N2,40
MI_25_A,N2,40
CC_25_A,N2,40
CC_25_A,N2,40
CC_25_A,N2,40
NO_25_B,N2,40
NO_25_B,N2,40
NO_25_B,N2,40
MI_25_B,N2,40
MI_25_B,N2,40
MI_25_B,N2,40
CC_25_B,N2,40
CC_25_B,N2,40
CC_25_B,N2,40
NO_25_C,N2,40
NO_25_C,N2,40
NO_25_C,N2,40
MI_25_C,N2,40
MI_25_C,N2,40
MI_25_C,N2,40
CC_25_C,N2,40
CC_25_C,N2,40
CC_25_C,N2,40
NO_26_A,N2,40
NO_26_A,N2,40
NO_26_A,N2,40
MI_26_A,N2,40
MI_26_A,N2,40
MI_26_A,N2,40
CC_26_A,N2,40
CC_26_A,N2,40
CC_26_A,N2,40
NO_26_B,N2,40
NO_26_B,N2,40
NO_26_B,N2,40
MI_26_B,N2,40
MI_26_B,N2,40
MI_26_B,N2,40
CC_26_B,N2,40
CC_26_B,N2,40
CC_26_B,N2,40
NO_26_C,N2,40
NO_26_C,N2,40
NO_26_C,N2,40
MI_26_C,N2,40
MI_26_C,N2,40
MI_26_C,N2,40
CC_26_C,N2,40
CC_26_C,N2,40
CC_26_C,N2,40
NO_27_A,N2,36.69158936
NO_27_C,N2,36.92333984
NO_27_B,N2,36.96961975
NO_27_A,N2,40
NO_27_A,N2,40
CC_27_A,N2,40
CC_27_A,N2,40
CC_27_A,N2,40
NO_27_B,N2,40
NO_27_B,N2,40
CC_27_B,N2,40
CC_27_B,N2,40
CC_27_B,N2,40
NO_27_C,N2,40
NO_27_C,N2,40
CC_27_C,N2,40
CC_27_C,N2,40
CC_27_C,N2,40
MI_27_A,N2,40
MI_27_A,N2,40
MI_27_A,N2,40
MI_27_B,N2,40
MI_27_B,N2,40
MI_27_B,N2,40
MI_27_C,N2,40
MI_27_C,N2,40
MI_27_C,N2,40
MI_28_A,N2,35.97872543
NO_28_B,N2,36.89989853
NO_28_C,N2,36.94734192
CC_28_B,N2,37.00337601
CC_28_B,N2,37.01781082
MI_28_A,N2,40
MI_28_A,N2,40
MI_28_B,N2,40
MI_28_B,N2,40
MI_28_B,N2,40
MI_28_C,N2,40
MI_28_C,N2,40
MI_28_C,N2,40
NO_28_A,N2,40
NO_28_A,N2,40
NO_28_A,N2,40
CC_28_A,N2,40
CC_28_A,N2,40
CC_28_A,N2,40
NO_28_B,N2,40
NO_28_B,N2,40
CC_28_B,N2,40
NO_28_C,N2,40
NO_28_C,N2,40
CC_28_C,N2,40
CC_28_C,N2,40
CC_28_C,N2,40
NO_29_A,N2,40
NO_29_A,N2,40
NO_29_A,N2,40
CC_29_A,N2,40
CC_29_A,N2,40
CC_29_A,N2,40
NO_29_B,N2,40
NO_29_B,N2,40
NO_29_B,N2,40
CC_29_B,N2,40
CC_29_B,N2,40
CC_29_B,N2,40
NO_29_C,N2,40
NO_29_C,N2,40
NO_29_C,N2,40
CC_29_C,N2,40
CC_29_C,N2,40
CC_29_C,N2,40
MI_29_A,N2,40
MI_29_A,N2,40
MI_29_A,N2,40
MI_29_B,N2,40
MI_29_B,N2,40
MI_29_B,N2,40
MI_29_C,N2,40
MI_29_C,N2,40
MI_29_C,N2,40
MI_30_B,N2,36.16389465
CC_30_C,N2,36.31747437
CC_30_A,N2,37.04875565
NO_30_A,N2,40
NO_30_A,N2,40
NO_30_A,N2,40
CC_30_A,N2,40
CC_30_A,N2,40
NO_30_B,N2,40
NO_30_B,N2,40
NO_30_B,N2,40
CC_30_B,N2,40
CC_30_B,N2,40
CC_30_B,N2,40
NO_30_C,N2,40
NO_30_C,N2,40
NO_30_C,N2,40
CC_30_C,N2,40
CC_30_C,N2,40
MI_30_A,N2,40
MI_30_A,N2,40
MI_30_A,N2,40
MI_30_B,N2,40
MI_30_B,N2,40
MI_30_C,N2,40
MI_30_C,N2,40
MI_30_C,N2,40
MI_31_B,N2,36.10042572
CC_31_B,N2,36.25643158
NO_31_B,N2,37.09080887
NO_31_A,N2,40
NO_31_A,N2,40
NO_31_A,N2,40
CC_31_A,N2,40
CC_31_A,N2,40
CC_31_A,N2,40
NO_31_B,N2,40
NO_31_B,N2,40
CC_31_B,N2,40
CC_31_B,N2,40
NO_31_C,N2,40
NO_31_C,N2,40
NO_31_C,N2,40
CC_31_C,N2,40
CC_31_C,N2,40
CC_31_C,N2,40
MI_31_A,N2,40
MI_31_A,N2,40
MI_31_A,N2,40
MI_31_B,N2,40
MI_31_B,N2,40
MI_31_C,N2,40
MI_31_C,N2,40
MI_31_C,N2,40
CC_32_A,N2,35.44885635
MI_32_B,N2,36.10004044
MI_32_C,N2,36.78276825
MI_32_A,N2,37.01087189
NO_32_A,N2,40
NO_32_A,N2,40
NO_32_A,N2,40
CC_32_A,N2,40
CC_32_A,N2,40
NO_32_B,N2,40
NO_32_B,N2,40
NO_32_B,N2,40
CC_32_B,N2,40
CC_32_B,N2,40
CC_32_B,N2,40
NO_32_C,N2,40
NO_32_C,N2,40
NO_32_C,N2,40
MI_32_A,N2,40
MI_32_A,N2,40
MI_32_B,N2,40
MI_32_B,N2,40
MI_32_C,N2,40
MI_32_C,N2,40
NO_33_B,N2,35.93220139
MI_33_A,N2,36.01376343
MI_33_A,N2,37.0668335
NO_33_A,N2,40
NO_33_A,N2,40
NO_33_A,N2,40
CC_33_A,N2,40
CC_33_A,N2,40
CC_33_A,N2,40
NO_33_B,N2,40
NO_33_B,N2,40
CC_33_B,N2,40
CC_33_B,N2,40
CC_33_B,N2,40
NO_33_C,N2,40
NO_33_C,N2,40
NO_33_C,N2,40
CC_33_C,N2,40
CC_33_C,N2,40
CC_33_C,N2,40
MI_33_A,N2,40
MI_33_B,N2,40
MI_33_B,N2,40
MI_33_B,N2,40
MI_33_C,N2,40
MI_33_C,N2,40
MI_33_C,N2,40
MI_34_A,N2,35.08401108
NO_34_A,N2,35.94485855
MI_34_A,N2,37.05321121
NO_34_A,N2,40
NO_34_A,N2,40
CC_34_A,N2,40
CC_34_A,N2,40
CC_34_A,N2,40
NO_34_B,N2,40
NO_34_B,N2,40
NO_34_B,N2,40
CC_34_B,N2,40
CC_34_B,N2,40
CC_34_B,N2,40
NO_34_C,N2,40
NO_34_C,N2,40
NO_34_C,N2,40
CC_34_C,N2,40
CC_34_C,N2,40
CC_34_C,N2,40
MI_34_A,N2,40
MI_34_B,N2,40
MI_34_B,N2,40
MI_34_B,N2,40
MI_34_C,N2,40
MI_34_C,N2,40
MI_34_C,N2,40
MI_35_B,N2,34.80414581
MI_35_A,N2,35.47654343
MI_35_B,N2,35.72949219
NO_35_C,N2,35.75287628
CC_35_C,N2,36.08492279
NO_35_B,N2,36.77748871
NO_35_A,N2,37.04984665
NO_35_A,N2,40
NO_35_A,N2,40
CC_35_A,N2,40
CC_35_A,N2,40
CC_35_A,N2,40
NO_35_B,N2,40
NO_35_B,N2,40
CC_35_B,N2,40
CC_35_B,N2,40
CC_35_B,N2,40
NO_35_C,N2,40
NO_35_C,N2,40
CC_35_C,N2,40
CC_35_C,N2,40
MI_35_A,N2,40
MI_35_A,N2,40
MI_35_B,N2,40
MI_35_C,N2,40
MI_35_C,N2,40
MI_35_C,N2,40
MI_36_B,N2,34.91175461
MI_36_B,N2,35.0657692
MI_36_A,N2,35.42285538
MI_36_A,N2,35.68432999
CC_36_A,N2,35.77574921
NO_36_B,N2,35.80426407
MI_36_C,N2,36.16288376
MI_36_C,N2,37.06927872
NO_36_A,N2,40
NO_36_A,N2,40
NO_36_A,N2,40
CC_36_A,N2,40
CC_36_A,N2,40
NO_36_B,N2,40
NO_36_B,N2,40
CC_36_B,N2,40
CC_36_B,N2,40
CC_36_B,N2,40
NO_36_C,N2,40
NO_36_C,N2,40
NO_36_C,N2,40
CC_36_C,N2,40
CC_36_C,N2,40
CC_36_C,N2,40
MI_36_A,N2,40
MI_36_B,N2,40
MI_36_C,N2,40
CC_37_B,N2,35.71718597
NO_37_C,N2,35.917099
CC_37_A,N2,36.17475128
MI_37_B,N2,36.27376556
MI_37_B,N2,36.57956696
NO_37_B,N2,36.9670105
MI_37_A,N2,38.48373795
NO_37_A,N2,40
NO_37_A,N2,40
NO_37_A,N2,40
CC_37_A,N2,40
CC_37_A,N2,40
NO_37_B,N2,40
NO_37_B,N2,40
CC_37_B,N2,40
CC_37_B,N2,40
NO_37_C,N2,40
NO_37_C,N2,40
CC_37_C,N2,40
CC_37_C,N2,40
CC_37_C,N2,40
MI_37_A,N2,40
MI_37_A,N2,40
MI_37_B,N2,40
MI_37_C,N2,40
MI_37_C,N2,40
MI_37_C,N2,40
CC_38_A,N2,33.53656006
MI_38_C,N2,33.88128662
MI_38_A,N2,33.97262955
NO_38_A,N2,34.12199402
NO_38_B,N2,34.28877258
MI_38_A,N2,34.28942871
NO_38_B,N2,34.31031418
CC_38_B,N2,34.79067993
CC_38_C,N2,34.97597122
MI_38_B,N2,35.00706863
CC_38_A,N2,35.22649002
CC_38_B,N2,35.24396515
CC_38_C,N2,35.35208893
NO_38_B,N2,35.6652832
CC_38_A,N2,40
CC_38_B,N2,40
NO_38_C,N2,40
NO_38_C,N2,40
NO_38_C,N2,40
CC_38_C,N2,40
MI_38_A,N2,40
MI_38_B,N2,40
MI_38_B,N2,40
MI_38_C,N2,40
MI_38_C,N2,40
NO_38_A,N2,40
NO_38_A,N2,40
CC_39_C,N2,34.43560028
CC_39_A,N2,35.71459198
CC_39_B,N2,35.8446312
CC_39_C,N2,35.84744263
MI_39_B,N2,35.95963669
CC_39_A,N2,36.03458405
NO_39_B,N2,36.09857941
CC_39_B,N2,36.11907196
MI_39_C,N2,37.07552719
NO_39_A,N2,40
NO_39_A,N2,40
NO_39_A,N2,40
CC_39_A,N2,40
NO_39_B,N2,40
NO_39_B,N2,40
CC_39_B,N2,40
NO_39_C,N2,40
NO_39_C,N2,40
NO_39_C,N2,40
CC_39_C,N2,40
MI_39_A,N2,40
MI_39_A,N2,40
MI_39_A,N2,40
MI_39_B,N2,40
MI_39_B,N2,40
MI_39_C,N2,40
MI_39_C,N2,40
MI_41_C,N2,34.50487137
MI_41_B,N2,34.5471611
MI_41_A,N2,34.75113678
CC_41_C,N2,34.79253387
NO_41_A,N2,35.46365356
NO_41_C,N2,35.5649147
CC_41_A,N2,35.58143616
NO_41_C,N2,35.87412643
CC_41_A,N2,36.54535294
MI_41_B,N2,37.05583954
NO_41_A,N2,40
NO_41_A,N2,40
CC_41_A,N2,40
NO_41_B,N2,40
NO_41_B,N2,40
NO_41_B,N2,40
CC_41_B,N2,40
CC_41_B,N2,40
CC_41_B,N2,40
NO_41_C,N2,40
CC_41_C,N2,40
CC_41_C,N2,40
MI_41_A,N2,40
MI_41_A,N2,40
MI_41_B,N2,40
MI_41_C,N2,40
MI_41_C,N2,40
NO_42_A,N2,34.43308258
NO_42_B,N2,34.44949341
MI_42_B,N2,34.85616684
NO_42_A,N2,35.7204628
CC_42_B,N2,35.79983902
CC_42_C,N2,35.92697906
MI_42_C,N2,36.81893921
MI_42_A,N2,36.93911362
NO_42_B,N2,37.08094788
NO_42_A,N2,40
CC_42_A,N2,40
CC_42_A,N2,40
CC_42_A,N2,40
NO_42_B,N2,40
CC_42_B,N2,40
CC_42_B,N2,40
NO_42_C,N2,40
NO_42_C,N2,40
NO_42_C,N2,40
CC_42_C,N2,40
CC_42_C,N2,40
MI_42_A,N2,40
MI_42_A,N2,40
MI_42_B,N2,40
MI_42_B,N2,40
MI_42_C,N2,40
MI_42_C,N2,40
NO_43_A,N2,40
NO_43_A,N2,35.54781342
NO_43_A,N2,40
CC_43_A,N2,40
CC_43_A,N2,40
CC_43_A,N2,35.72847366
NO_43_B,N2,40
NO_43_B,N2,40
NO_43_B,N2,40
CC_43_B,N2,40
CC_43_B,N2,35.75897217
CC_43_B,N2,40
NO_43_C,N2,35.79088593
NO_43_C,N2,35.85088348
NO_43_C,N2,34.5946846
CC_43_C,N2,37.07901764
CC_43_C,N2,40
CC_43_C,N2,40
MI_43_A,N2,40
MI_43_A,N2,34.56131744
MI_43_A,N2,35.98197556
MI_43_B,N2,40
MI_43_B,N2,40
MI_43_B,N2,35.5148201
MI_43_C,N2,35.74192047
MI_43_C,N2,35.82722473
MI_43_C,N2,40
NO_44_A,N2,40
NO_44_A,N2,40
NO_44_A,N2,34.50436783
CC_44_A,N2,40
CC_44_A,N2,40
CC_44_A,N2,40
NO_44_B,N2,40
NO_44_B,N2,35.8575592
NO_44_B,N2,34.02665329
CC_44_B,N2,40
CC_44_B,N2,40
CC_44_B,N2,36.49811172
NO_44_C,N2,40
NO_44_C,N2,40
NO_44_C,N2,40
CC_44_C,N2,40
CC_44_C,N2,40
CC_44_C,N2,36.62326813
MI_44_A,N2,34.38872147
MI_44_A,N2,35.13206482
MI_44_A,N2,36.81361389
MI_44_B,N2,35.64517975
MI_44_B,N2,40
MI_44_B,N2,37.06233215
MI_44_C,N2,36.60293579
MI_44_C,N2,35.69853592
MI_44_C,N2,40
NO_45_A,N2,40
NO_45_A,N2,40
NO_45_A,N2,40
CC_45_A,N2,35.90744781
CC_45_A,N2,36.31651688
CC_45_A,N2,40
NO_45_B,N2,33.51803207
NO_45_B,N2,33.79588699
NO_45_B,N2,33.11450958
CC_45_B,N2,38.45480347
CC_45_B,N2,40
CC_45_B,N2,40
NO_45_C,N2,40
NO_45_C,N2,36.10022736
NO_45_C,N2,40
CC_45_C,N2,40
CC_45_C,N2,40
CC_45_C,N2,40
MI_45_A,N2,40
MI_45_A,N2,40
MI_45_A,N2,40
MI_45_B,N2,40
MI_45_B,N2,40
MI_45_B,N2,36.03766632
MI_45_C,N2,40
MI_45_C,N2,40
MI_45_C,N2,40
NO_46_A,N2,40
NO_46_A,N2,36.82050323
NO_46_A,N2,40
NO_46_B,N2,34.89321518
NO_46_B,N2,40
NO_46_B,N2,34.8281517
NO_46_C,N2,40
NO_46_C,N2,40
NO_46_C,N2,35.88721085
MI_46_A,N2,40
MI_46_A,N2,40
MI_46_A,N2,35.70278168
MI_46_B,N2,36.04050827
MI_46_B,N2,36.24633026
MI_46_B,N2,40
CC_46_A,N2,34.93347931
CC_46_A,N2,35.69757843
CC_46_A,N2,33.96050262
MI_46_C,N2,34.74722672
MI_46_C,N2,40
MI_46_C,N2,40
CC_46_B,N2,36.80232239
CC_46_B,N2,35.8759079
CC_46_B,N2,40
CC_46_C,N2,40
CC_46_C,N2,34.849617
CC_46_C,N2,34.46081543
NO_47_A,N2,40
NO_47_A,N2,40
NO_47_A,N2,40
CC_47_A,N2,40
CC_47_A,N2,40
CC_47_A,N2,40
NO_47_B,N2,35.43299866
NO_47_B,N2,40
NO_47_B,N2,40
CC_47_B,N2,35.61577225
CC_47_B,N2,40
CC_47_B,N2,40
NO_47_C,N2,34.06223679
NO_47_C,N2,40
NO_47_C,N2,36.61038971
CC_47_C,N2,37.09758759
CC_47_C,N2,40
CC_47_C,N2,40
MI_47_A,N2,35.89452362
MI_47_A,N2,40
MI_47_A,N2,40
MI_47_B,N2,35.97196579
MI_47_B,N2,40
MI_47_B,N2,40
MI_47_C,N2,40
MI_47_C,N2,40
MI_47_C,N2,35.29942322
NO_48_A,N2,40
NO_48_A,N2,40
NO_48_A,N2,40
NO_48_B,N2,37.04874802
NO_48_B,N2,36.18367004
NO_48_B,N2,40
NO_48_C,N2,40
NO_48_C,N2,35.51792145
NO_48_C,N2,40
MI_48_A,N2,40
MI_48_A,N2,35.61533356
MI_48_A,N2,40
MI_48_B,N2,40
MI_48_B,N2,40
MI_48_B,N2,35.16443253
CC_48_A,N2,40
CC_48_A,N2,35.55244446
CC_48_A,N2,40
MI_48_C,N2,40
MI_48_C,N2,35.31484985
MI_48_C,N2,40
CC_48_B,N2,40
CC_48_B,N2,40
CC_48_B,N2,40
CC_48_C,N2,40
CC_48_C,N2,40
CC_48_C,N2,40
NO_49_A,N2,40
NO_49_A,N2,40
NO_49_A,N2,40
CC_49_A,N2,35.97500229
CC_49_A,N2,40
CC_49_A,N2,37.0591774
NO_49_B,N2,40
NO_49_B,N2,40
NO_49_B,N2,40
CC_49_B,N2,40
CC_49_B,N2,40
CC_49_B,N2,36.11138535
NO_49_C,N2,40
NO_49_C,N2,40
NO_49_C,N2,40
CC_49_C,N2,40
CC_49_C,N2,40
CC_49_C,N2,40
MI_49_A,N2,40
MI_49_A,N2,40
MI_49_A,N2,40
MI_49_B,N2,40
MI_49_B,N2,40
MI_49_B,N2,40
MI_49_C,N2,40
MI_49_C,N2,40
MI_49_C,N2,40
NO_50_A,N2,40
NO_50_A,N2,40
NO_50_A,N2,40
NO_50_B,N2,36.65693665
NO_50_B,N2,37.02328491
NO_50_B,N2,40
NO_50_C,N2,40
NO_50_C,N2,40
NO_50_C,N2,40
MI_50_A,N2,40
MI_50_A,N2,40
MI_50_A,N2,40
MI_50_B,N2,40
MI_50_B,N2,40
MI_50_B,N2,40
MI_50_C,N2,40
MI_50_C,N2,40
MI_50_C,N2,40
CC_50_A,N2,40
CC_50_A,N2,36.0704155
CC_50_A,N2,35.27446747
CC_50_B,N2,40
CC_50_B,N2,35.24320221
CC_50_B,N2,35.37814713
CC_50_C,N2,37.05826187
CC_50_C,N2,40
CC_50_C,N2,40
NO_51_A,N2,40
NO_51_A,N2,40
NO_51_A,N2,40
NO_51_B,N2,40
NO_51_B,N2,40
NO_51_B,N2,34.82762146
NO_51_C,N2,40
NO_51_C,N2,35.24040604
NO_51_C,N2,40
MI_51_A,N2,40
MI_51_A,N2,40
MI_51_A,N2,40
MI_51_B,N2,40
MI_51_B,N2,40
MI_51_B,N2,35.3446579
CC_51_A,N2,40
CC_51_A,N2,40
CC_51_A,N2,40
MI_51_C,N2,40
MI_51_C,N2,40
MI_51_C,N2,40
CC_51_B,N2,40
CC_51_B,N2,40
CC_51_B,N2,40
CC_51_C,N2,40
CC_51_C,N2,40
CC_51_C,N2,40
NO_52_A,N2,40
NO_52_A,N2,40
NO_52_A,N2,40
NO_52_B,N2,40
NO_52_B,N2,37.09644318
NO_52_B,N2,40
NO_52_C,N2,40
NO_52_C,N2,40
NO_52_C,N2,40
MI_52_A,N2,40
MI_52_A,N2,40
MI_52_A,N2,36.11320877
MI_52_B,N2,40
MI_52_B,N2,40
MI_52_B,N2,40
CC_52_A,N2,40
CC_52_A,N2,40
CC_52_A,N2,35.91119385
MI_52_C,N2,40
MI_52_C,N2,40
MI_52_C,N2,34.82109451
CC_52_B,N2,40
CC_52_B,N2,40
CC_52_B,N2,36.05169678
CC_52_C,N2,40
CC_52_C,N2,40
CC_52_C,N2,40
NO_7_C,N1,34.37643051
NO_7_C,N1,35.11445618
NO_7_A,N1,35.93893433
MI_7_A,N1,36.15786362
NO_7_C,N1,36.17138672
NO_7_C,N1,36.34141541
MI_7_C,N1,37.04840088
NO_7_C,N1,37.08349609
NO_7_C,N1,40
NO_7_A,N1,40
NO_7_A,N1,40
NO_7_A,N1,40
MI_7_C,N1,40
MI_7_C,N1,40
NO_7_C,N1,40
MI_7_A,N1,40
MI_7_A,N1,40
MI_7_C,N1,40
MI_7_C,N1,40
MI_7_C,N1,40
NO_7_A,N1,40
NO_7_A,N1,40
MI_7_B,N1,40
MI_7_B,N1,40
MI_7_B,N1,40
NO_7_C,N1,40
NO_7_C,N1,40
NO_7_B,N1,40
NO_7_B,N1,40
NO_7_B,N1,40
CC_7_C,N1,40
CC_7_C,N1,40
CC_7_C,N1,40
MI_8_B,N1,36.13670731
CC_8_B,N1,37.06201935
NO_8_A,N1,40
NO_8_A,N1,40
NO_8_A,N1,40
MI_8_B,N1,40
MI_8_B,N1,40
MI_8_A,N1,40
MI_8_A,N1,40
MI_8_A,N1,40
NO_8_A,N1,40
NO_8_A,N1,40
NO_8_A,N1,40
NO_8_B,N1,40
NO_8_B,N1,40
NO_8_B,N1,40
CC_8_A,N1,40
CC_8_A,N1,40
CC_8_A,N1,40
CC_8_B,N1,40
CC_8_B,N1,40
NO_9_B,N1,37.05036163
NO_9_A,N1,40
NO_9_A,N1,40
NO_9_A,N1,40
MI_9_A,N1,40
MI_9_A,N1,40
MI_9_A,N1,40
NO_9_A,N1,40
NO_9_A,N1,40
NO_9_A,N1,40
NO_9_B,N1,40
NO_9_B,N1,40
MI_9_B,N1,40
MI_9_B,N1,40
MI_9_B,N1,40
MI_10_B,N1,34.24830246
MI_10_A,N1,34.35555649
CC_10_A,N1,35.96173096
CC_10_B,N1,35.97446442
CC_10_A,N1,36.9813652
MI_10_B,N1,37.06824493
MI_10_A,N1,40
MI_10_A,N1,40
MI_10_B,N1,40
NO_10_A,N1,40
NO_10_A,N1,40
NO_10_A,N1,40
NO_10_B,N1,40
NO_10_B,N1,40
NO_10_B,N1,40
CC_10_A,N1,40
CC_10_B,N1,40
CC_10_B,N1,40
NO_11_B,N1,34.69935226
NO_11_B,N1,35.33137894
CC_11_B,N1,36.88323975
MI_11_B,N1,37.09705734
MI_11_A,N1,40
MI_11_A,N1,40
MI_11_A,N1,40
MI_11_B,N1,40
MI_11_B,N1,40
NO_11_A,N1,40
NO_11_A,N1,40
NO_11_A,N1,40
NO_11_B,N1,40
CC_11_A,N1,40
CC_11_A,N1,40
CC_11_A,N1,40
CC_11_B,N1,40
CC_11_B,N1,40
MI_12_A,N1,40
MI_12_A,N1,40
MI_12_A,N1,40
MI_12_B,N1,40
MI_12_B,N1,40
MI_12_B,N1,40
NO_12_A,N1,40
NO_12_A,N1,40
NO_12_A,N1,40
NO_12_B,N1,40
NO_12_B,N1,40
NO_12_B,N1,40
CC_12_A,N1,40
CC_12_A,N1,40
CC_12_A,N1,40
CC_12_B,N1,40
CC_12_B,N1,40
CC_12_B,N1,40
CC_13_A,N1,35.11736679
NO_13_B,N1,37.00163269
MI_13_A,N1,40
MI_13_A,N1,40
MI_13_A,N1,40
MI_13_B,N1,40
MI_13_B,N1,40
MI_13_B,N1,40
NO_13_A,N1,40
NO_13_A,N1,40
NO_13_A,N1,40
NO_13_B,N1,40
NO_13_B,N1,40
CC_13_A,N1,40
CC_13_A,N1,40
CC_13_B,N1,40
CC_13_B,N1,40
CC_13_B,N1,40
CC_14_B,N1,34.91727448
MI_14_B,N1,35.67601776
CC_14_B,N1,35.99033356
NO_14_A,N1,36.58713531
MI_14_A,N1,37.13593674
NO_14_A,N1,40
NO_14_A,N1,40
NO_14_B,N1,40
NO_14_B,N1,40
NO_14_B,N1,40
MI_14_A,N1,40
MI_14_A,N1,40
MI_14_B,N1,40
MI_14_B,N1,40
CC_14_A,N1,40
CC_14_A,N1,40
CC_14_A,N1,40
CC_14_B,N1,40
NO_15_A,N1,36.03396606
CC_15_B,N1,36.22146606
NO_15_B,N1,36.40518188
MI_15_A,N1,36.49091721
NO_15_A,N1,37.07030487
MI_15_A,N1,40
MI_15_A,N1,40
MI_15_B,N1,40
MI_15_B,N1,40
MI_15_B,N1,40
NO_15_A,N1,40
NO_15_B,N1,40
NO_15_B,N1,40
CC_15_A,N1,40
CC_15_A,N1,40
CC_15_A,N1,40
CC_15_B,N1,40
CC_15_B,N1,40
NO_16_B,N1,34.25464249
NO_16_A,N1,35.14140701
NO_16_B,N1,35.71952057
MI_16_B,N1,36.19521713
MI_16_A,N1,36.35010529
NO_16_A,N1,36.47019577
MI_16_A,N1,37.07224655
MI_16_A,N1,40
MI_16_B,N1,40
MI_16_B,N1,40
NO_16_A,N1,40
NO_16_B,N1,40
CC_16_A,N1,40
CC_16_A,N1,40
CC_16_A,N1,40
CC_16_B,N1,40
CC_16_B,N1,40
CC_16_B,N1,40
NO_17_B,N1,34.35351944
NO_17_A,N1,35.63418198
CC_17_A,N1,35.96999741
NO_17_A,N1,35.99827194
NO_17_B,N1,36.07159424
NO_17_B,N1,36.11556625
MI_17_A,N1,36.3359642
MI_17_A,N1,36.42549133
MI_17_A,N1,36.58085251
MI_17_B,N1,37.04509735
MI_17_B,N1,40
MI_17_B,N1,40
NO_17_A,N1,40
CC_17_A,N1,40
CC_17_A,N1,40
CC_17_B,N1,40
CC_17_B,N1,40
CC_17_B,N1,40
NO_18_C,N1,34.9562912
MI_18_A,N1,35.27823257
CC_18_B,N1,35.79940414
CC_18_B,N1,35.99171448
NO_18_A,N1,36.23465729
NO_18_A,N1,36.25822067
MI_18_D,N1,36.31072617
NO_18_D,N1,36.7469902
NO_18_C,N1,36.87360382
NO_18_B,N1,36.87854004
NO_18_D,N1,37.00883484
MI_18_B,N1,37.10649109
MI_18_A,N1,40
MI_18_A,N1,40
MI_18_B,N1,40
MI_18_B,N1,40
NO_18_A,N1,40
NO_18_B,N1,40
NO_18_B,N1,40
MI_18_C,N1,40
MI_18_C,N1,40
MI_18_C,N1,40
MI_18_D,N1,40
MI_18_D,N1,40
NO_18_C,N1,40
NO_18_D,N1,40
CC_18_A,N1,40
CC_18_A,N1,40
CC_18_A,N1,40
CC_18_B,N1,40
MI_19_B,N1,35.42825317
MI_19_A,N1,35.55778122
MI_19_A,N1,35.63641739
NO_19_B,N1,36.49816132
CC_19_B,N1,36.82409668
NO_19_A,N1,36.92340851
NO_19_A,N1,37.02279282
MI_19_A,N1,37.12983322
MI_19_B,N1,40
MI_19_B,N1,40
NO_19_A,N1,40
NO_19_A,N1,40
NO_19_A,N1,40
NO_19_B,N1,40
NO_19_B,N1,40
NO_19_B,N1,40
MI_19_A,N1,40
MI_19_A,N1,40
MI_19_A,N1,40
MI_19_B,N1,40
MI_19_B,N1,40
MI_19_B,N1,40
NO_19_A,N1,40
NO_19_B,N1,40
NO_19_B,N1,40
CC_19_A,N1,40
CC_19_A,N1,40
CC_19_A,N1,40
CC_19_B,N1,40
CC_19_B,N1,40
MI_20_A,N1,35.11074829
MI_20_B,N1,36.11339951
MI_20_A,N1,36.12208176
MI_20_A,N1,40
MI_20_B,N1,40
MI_20_B,N1,40
NO_20_A,N1,40
NO_20_A,N1,40
NO_20_A,N1,40
NO_20_B,N1,40
NO_20_B,N1,40
NO_20_B,N1,40
CC_20_A,N1,40
CC_20_A,N1,40
CC_20_A,N1,40
CC_20_B,N1,40
CC_20_B,N1,40
CC_20_B,N1,40
MI_21_B,N1,36.98809052
MI_21_A,N1,40
MI_21_A,N1,40
MI_21_A,N1,40
MI_21_B,N1,40
MI_21_B,N1,40
NO_21_A,N1,40
NO_21_A,N1,40
NO_21_A,N1,40
NO_21_B,N1,40
NO_21_B,N1,40
NO_21_B,N1,40
CC_21_A,N1,40
CC_21_A,N1,40
CC_21_A,N1,40
CC_21_B,N1,40
CC_21_B,N1,40
CC_21_B,N1,40
NO_22_B,N1,36.1694603
NO_22_B,N1,37.01795197
NO_22_A,N1,40
NO_22_A,N1,40
NO_22_A,N1,40
CC_22_A,N1,40
CC_22_A,N1,40
CC_22_A,N1,40
NO_22_B,N1,40
CC_22_B,N1,40
CC_22_B,N1,40
CC_22_B,N1,40
NO_22_C,N1,40
NO_22_C,N1,40
NO_22_C,N1,40
CC_22_C,N1,40
CC_22_C,N1,40
CC_22_C,N1,40
MI_22_A,N1,40
MI_22_A,N1,40
MI_22_A,N1,40
MI_22_B,N1,40
MI_22_B,N1,40
MI_22_B,N1,40
MI_22_C,N1,40
MI_22_C,N1,40
MI_22_C,N1,40
NO_23_A,N1,36.22211075
NO_23_A,N1,36.85883713
MI_23_A,N1,36.94800568
MI_23_A,N1,36.96496201
MI_23_C,N1,37.00486374
NO_23_A,N1,40
CC_23_A,N1,40
CC_23_A,N1,40
CC_23_A,N1,40
NO_23_B,N1,40
NO_23_B,N1,40
NO_23_B,N1,40
CC_23_B,N1,40
CC_23_B,N1,40
CC_23_B,N1,40
NO_23_C,N1,40
NO_23_C,N1,40
NO_23_C,N1,40
CC_23_C,N1,40
CC_23_C,N1,40
CC_23_C,N1,40
MI_23_A,N1,40
MI_23_B,N1,40
MI_23_B,N1,40
MI_23_B,N1,40
MI_23_C,N1,40
MI_23_C,N1,40
NO_24_C,N1,34.62176132
CC_24_C,N1,35.55426407
MI_24_A,N1,36.14120483
MI_24_B,N1,37.03291321
NO_24_C,N1,39.01290512
NO_24_A,N1,40
NO_24_A,N1,40
NO_24_A,N1,40
CC_24_A,N1,40
CC_24_A,N1,40
CC_24_A,N1,40
NO_24_B,N1,40
NO_24_B,N1,40
NO_24_B,N1,40
CC_24_B,N1,40
CC_24_B,N1,40
CC_24_B,N1,40
NO_24_C,N1,40
CC_24_C,N1,40
CC_24_C,N1,40
MI_24_A,N1,40
MI_24_A,N1,40
MI_24_B,N1,40
MI_24_B,N1,40
MI_24_C,N1,40
MI_24_C,N1,40
MI_24_C,N1,40
MI_25_A,N1,34.84725189
MI_25_A,N1,35.74416733
CC_25_C,N1,36.34585571
MI_25_A,N1,36.75649643
CC_25_A,N1,36.88015747
MI_25_B,N1,37.07048798
NO_25_A,N1,40
NO_25_A,N1,40
NO_25_A,N1,40
CC_25_A,N1,40
CC_25_A,N1,40
NO_25_B,N1,40
NO_25_B,N1,40
NO_25_B,N1,40
MI_25_B,N1,40
MI_25_B,N1,40
CC_25_B,N1,40
CC_25_B,N1,40
CC_25_B,N1,40
NO_25_C,N1,40
NO_25_C,N1,40
NO_25_C,N1,40
MI_25_C,N1,40
MI_25_C,N1,40
MI_25_C,N1,40
CC_25_C,N1,40
CC_25_C,N1,40
MI_26_C,N1,35.75613403
MI_26_A,N1,35.87553024
NO_26_B,N1,35.88370514
NO_26_A,N1,40
NO_26_A,N1,40
NO_26_A,N1,40
MI_26_A,N1,40
MI_26_A,N1,40
CC_26_A,N1,40
CC_26_A,N1,40
CC_26_A,N1,40
NO_26_B,N1,40
NO_26_B,N1,40
MI_26_B,N1,40
MI_26_B,N1,40
MI_26_B,N1,40
CC_26_B,N1,40
CC_26_B,N1,40
CC_26_B,N1,40
NO_26_C,N1,40
NO_26_C,N1,40
NO_26_C,N1,40
MI_26_C,N1,40
MI_26_C,N1,40
CC_26_C,N1,40
CC_26_C,N1,40
CC_26_C,N1,40
NO_27_A,N1,36.28522491
CC_27_B,N1,36.79566193
NO_27_A,N1,40
NO_27_A,N1,40
CC_27_A,N1,40
CC_27_A,N1,40
CC_27_A,N1,40
NO_27_B,N1,40
NO_27_B,N1,40
NO_27_B,N1,40
CC_27_B,N1,40
CC_27_B,N1,40
NO_27_C,N1,40
NO_27_C,N1,40
NO_27_C,N1,40
CC_27_C,N1,40
CC_27_C,N1,40
CC_27_C,N1,40
MI_27_A,N1,40
MI_27_A,N1,40
MI_27_A,N1,40
MI_27_B,N1,40
MI_27_B,N1,40
MI_27_B,N1,40
MI_27_C,N1,40
MI_27_C,N1,40
MI_27_C,N1,40
MI_28_A,N1,36.68732452
MI_28_C,N1,36.70611191
CC_28_C,N1,37.00862885
MI_28_A,N1,40
MI_28_A,N1,40
MI_28_B,N1,40
MI_28_B,N1,40
MI_28_B,N1,40
MI_28_C,N1,40
MI_28_C,N1,40
NO_28_A,N1,40
NO_28_A,N1,40
NO_28_A,N1,40
CC_28_A,N1,40
CC_28_A,N1,40
CC_28_A,N1,40
NO_28_B,N1,40
NO_28_B,N1,40
NO_28_B,N1,40
CC_28_B,N1,40
CC_28_B,N1,40
CC_28_B,N1,40
NO_28_C,N1,40
NO_28_C,N1,40
NO_28_C,N1,40
CC_28_C,N1,40
CC_28_C,N1,40
MI_29_C,N1,36.1028595
NO_29_A,N1,36.98565674
CC_29_B,N1,37.07284927
NO_29_A,N1,40
NO_29_A,N1,40
CC_29_A,N1,40
CC_29_A,N1,40
CC_29_A,N1,40
NO_29_B,N1,40
NO_29_B,N1,40
NO_29_B,N1,40
CC_29_B,N1,40
CC_29_B,N1,40
NO_29_C,N1,40
NO_29_C,N1,40
NO_29_C,N1,40
CC_29_C,N1,40
CC_29_C,N1,40
CC_29_C,N1,40
MI_29_A,N1,40
MI_29_A,N1,40
MI_29_A,N1,40
MI_29_B,N1,40
MI_29_B,N1,40
MI_29_B,N1,40
MI_29_C,N1,40
MI_29_C,N1,40
NO_30_B,N1,36.92341614
NO_30_B,N1,36.99842072
NO_30_A,N1,40
NO_30_A,N1,40
NO_30_A,N1,40
CC_30_A,N1,40
CC_30_A,N1,40
CC_30_A,N1,40
NO_30_B,N1,40
CC_30_B,N1,40
CC_30_B,N1,40
CC_30_B,N1,40
NO_30_C,N1,40
NO_30_C,N1,40
NO_30_C,N1,40
CC_30_C,N1,40
CC_30_C,N1,40
CC_30_C,N1,40
MI_30_A,N1,40
MI_30_A,N1,40
MI_30_A,N1,40
MI_30_B,N1,40
MI_30_B,N1,40
MI_30_B,N1,40
MI_30_C,N1,40
MI_30_C,N1,40
MI_30_C,N1,40
MI_31_C,N1,35.51955032
MI_31_C,N1,35.65231705
MI_31_A,N1,35.66350937
MI_31_C,N1,35.66688919
NO_31_B,N1,35.77248383
CC_31_C,N1,37.05794907
NO_31_A,N1,40
NO_31_A,N1,40
NO_31_A,N1,40
CC_31_A,N1,40
CC_31_A,N1,40
CC_31_A,N1,40
NO_31_B,N1,40
NO_31_B,N1,40
CC_31_B,N1,40
CC_31_B,N1,40
CC_31_B,N1,40
NO_31_C,N1,40
NO_31_C,N1,40
NO_31_C,N1,40
CC_31_C,N1,40
CC_31_C,N1,40
MI_31_A,N1,40
MI_31_A,N1,40
MI_31_B,N1,40
MI_31_B,N1,40
MI_31_B,N1,40
MI_32_B,N1,36.34513474
MI_32_C,N1,36.37654114
MI_32_A,N1,36.409729
NO_32_C,N1,36.50590897
NO_32_A,N1,36.66519547
MI_32_C,N1,37.03807068
NO_32_A,N1,40
NO_32_A,N1,40
CC_32_A,N1,40
CC_32_A,N1,40
CC_32_A,N1,40
NO_32_B,N1,40
NO_32_B,N1,40
NO_32_B,N1,40
CC_32_B,N1,40
CC_32_B,N1,40
CC_32_B,N1,40
NO_32_C,N1,40
NO_32_C,N1,40
MI_32_A,N1,40
MI_32_A,N1,40
MI_32_B,N1,40
MI_32_B,N1,40
MI_32_C,N1,40
CC_33_B,N1,35.858284
MI_33_B,N1,36.4837532
MI_33_C,N1,36.52035522
NO_33_C,N1,36.63042068
MI_33_A,N1,36.66405106
NO_33_A,N1,37.02861023
NO_33_A,N1,40
NO_33_A,N1,40
CC_33_A,N1,40
CC_33_A,N1,40
CC_33_A,N1,40
NO_33_B,N1,40
NO_33_B,N1,40
NO_33_B,N1,40
CC_33_B,N1,40
CC_33_B,N1,40
NO_33_C,N1,40
NO_33_C,N1,40
CC_33_C,N1,40
CC_33_C,N1,40
CC_33_C,N1,40
MI_33_A,N1,40
MI_33_A,N1,40
MI_33_B,N1,40
MI_33_B,N1,40
MI_33_C,N1,40
MI_33_C,N1,40
CC_34_C,N1,36.34750366
CC_34_A,N1,36.49944687
NO_34_A,N1,36.71424866
MI_34_B,N1,36.76133347
MI_34_A,N1,37.0181694
NO_34_A,N1,40
NO_34_A,N1,40
CC_34_A,N1,40
CC_34_A,N1,40
NO_34_B,N1,40
NO_34_B,N1,40
NO_34_B,N1,40
CC_34_B,N1,40
CC_34_B,N1,40
CC_34_B,N1,40
NO_34_C,N1,40
NO_34_C,N1,40
NO_34_C,N1,40
CC_34_C,N1,40
CC_34_C,N1,40
MI_34_A,N1,40
MI_34_A,N1,40
MI_34_B,N1,40
MI_34_B,N1,40
MI_34_C,N1,40
MI_34_C,N1,40
MI_34_C,N1,40
NO_35_A,N1,34.56613922
NO_35_B,N1,35.58132935
NO_35_C,N1,35.59920502
NO_35_B,N1,35.6239624
MI_35_A,N1,35.65583038
CC_35_C,N1,35.75260925
MI_35_C,N1,35.93862534
MI_35_A,N1,36.75082016
MI_35_C,N1,37.07889175
NO_35_A,N1,40
NO_35_A,N1,40
CC_35_A,N1,40
CC_35_A,N1,40
CC_35_A,N1,40
NO_35_B,N1,40
CC_35_B,N1,40
CC_35_B,N1,40
CC_35_B,N1,40
NO_35_C,N1,40
NO_35_C,N1,40
CC_35_C,N1,40
CC_35_C,N1,40
MI_35_A,N1,40
MI_35_B,N1,40
MI_35_B,N1,40
MI_35_B,N1,40
MI_35_C,N1,40
MI_36_C,N1,34.71793747
MI_36_A,N1,35.72640228
MI_36_A,N1,35.74581909
CC_36_C,N1,35.99475861
MI_36_B,N1,37.06289291
NO_36_A,N1,40
NO_36_A,N1,40
NO_36_A,N1,40
CC_36_A,N1,40
CC_36_A,N1,40
CC_36_A,N1,40
NO_36_B,N1,40
NO_36_B,N1,40
NO_36_B,N1,40
CC_36_B,N1,40
CC_36_B,N1,40
CC_36_B,N1,40
NO_36_C,N1,40
NO_36_C,N1,40
NO_36_C,N1,40
CC_36_C,N1,40
CC_36_C,N1,40
MI_36_A,N1,40
MI_36_B,N1,40
MI_36_B,N1,40
MI_36_C,N1,40
MI_36_C,N1,40
MI_37_A,N1,34.9136467
CC_37_A,N1,34.99859238
NO_37_C,N1,35.62090302
NO_37_B,N1,35.71484756
NO_37_A,N1,35.71987152
MI_37_B,N1,36.05616379
MI_37_A,N1,36.44504929
MI_37_C,N1,37.05507278
NO_37_A,N1,40
NO_37_A,N1,40
CC_37_A,N1,40
CC_37_A,N1,40
NO_37_B,N1,40
NO_37_B,N1,40
CC_37_B,N1,40
CC_37_B,N1,40
CC_37_B,N1,40
NO_37_C,N1,40
NO_37_C,N1,40
CC_37_C,N1,40
CC_37_C,N1,40
CC_37_C,N1,40
MI_37_A,N1,40
MI_37_B,N1,40
MI_37_B,N1,40
MI_37_C,N1,40
MI_37_C,N1,40
CC_38_A,N1,34.14185715
NO_38_A,N1,35.20309067
CC_38_A,N1,35.81549835
NO_38_A,N1,35.8847084
MI_38_C,N1,36.16465759
MI_38_A,N1,37.04977036
CC_38_A,N1,40
NO_38_B,N1,40
NO_38_B,N1,40
NO_38_B,N1,40
CC_38_B,N1,40
CC_38_B,N1,40
CC_38_B,N1,40
NO_38_C,N1,40
NO_38_C,N1,40
NO_38_C,N1,40
CC_38_C,N1,40
CC_38_C,N1,40
CC_38_C,N1,40
MI_38_A,N1,40
MI_38_A,N1,40
MI_38_B,N1,40
MI_38_B,N1,40
MI_38_B,N1,40
MI_38_C,N1,40
MI_38_C,N1,40
NO_38_A,N1,40
CC_39_B,N1,33.2952652
NO_39_B,N1,34.20423508
CC_39_C,N1,34.23575974
MI_39_C,N1,34.27095795
CC_39_A,N1,34.3347702
CC_39_B,N1,34.35087585
CC_39_C,N1,34.36485672
NO_39_A,N1,34.39115143
CC_39_C,N1,34.40667343
NO_39_A,N1,34.42942429
CC_39_A,N1,34.43587494
MI_39_A,N1,34.62681198
CC_39_B,N1,35.15158081
MI_39_C,N1,35.34827423
CC_39_A,N1,35.35173798
MI_39_C,N1,37.14071655
NO_39_A,N1,40
NO_39_B,N1,40
NO_39_B,N1,40
NO_39_C,N1,40
NO_39_C,N1,40
NO_39_C,N1,40
MI_39_A,N1,40
MI_39_A,N1,40
MI_39_B,N1,40
MI_39_B,N1,40
MI_39_B,N1,40
MI_41_A,N1,33.68621826
CC_41_A,N1,34.49026871
CC_41_B,N1,34.78132629
CC_41_C,N1,34.91564178
MI_41_A,N1,35.28213882
MI_41_B,N1,35.29667664
MI_41_C,N1,35.55639267
MI_41_C,N1,35.62180328
CC_41_C,N1,35.62636185
MI_41_C,N1,35.71077347
MI_41_B,N1,35.82232285
CC_41_C,N1,35.96389771
NO_41_B,N1,36.16211319
CC_41_B,N1,37.05296707
NO_41_A,N1,40
NO_41_A,N1,40
NO_41_A,N1,40
CC_41_A,N1,40
CC_41_A,N1,40
NO_41_B,N1,40
NO_41_B,N1,40
CC_41_B,N1,40
NO_41_C,N1,40
NO_41_C,N1,40
NO_41_C,N1,40
MI_41_A,N1,40
MI_41_B,N1,40
NO_42_A,N1,35.36517334
CC_42_A,N1,35.99053192
MI_42_A,N1,36.06364059
MI_42_B,N1,36.67180634
NO_42_A,N1,36.91795349
CC_42_C,N1,37.009552
MI_42_A,N1,37.05089188
NO_42_A,N1,40
CC_42_A,N1,40
CC_42_A,N1,40
NO_42_B,N1,40
NO_42_B,N1,40
NO_42_B,N1,40
CC_42_B,N1,40
CC_42_B,N1,40
CC_42_B,N1,40
NO_42_C,N1,40
NO_42_C,N1,40
NO_42_C,N1,40
CC_42_C,N1,40
CC_42_C,N1,40
MI_42_A,N1,40
MI_42_B,N1,40
MI_42_B,N1,40
MI_42_C,N1,40
MI_42_C,N1,40
MI_42_C,N1,40
NO_43_A,N1,40
NO_43_A,N1,40
NO_43_A,N1,40
CC_43_A,N1,37.79699326
CC_43_A,N1,37.14741135
CC_43_A,N1,33.69122696
NO_43_B,N1,33.02874374
NO_43_B,N1,33.93043518
NO_43_B,N1,34.02457047
CC_43_B,N1,34.1852417
CC_43_B,N1,40
CC_43_B,N1,40
NO_43_C,N1,40
NO_43_C,N1,34.20916748
NO_43_C,N1,33.97719574
CC_43_C,N1,40
CC_43_C,N1,34.42527771
CC_43_C,N1,33.93371964
MI_43_A,N1,33.42967606
MI_43_A,N1,34.25324249
MI_43_A,N1,34.9828186
MI_43_B,N1,34.72792435
MI_43_B,N1,40
MI_43_B,N1,33.94317245
MI_43_C,N1,34.35482407
MI_43_C,N1,33.19011688
MI_43_C,N1,40
NO_44_A,N1,36.22013092
NO_44_A,N1,35.48944092
NO_44_A,N1,36.07432556
CC_44_A,N1,40
CC_44_A,N1,40
CC_44_A,N1,36.37888336
NO_44_B,N1,40
NO_44_B,N1,35.99209595
NO_44_B,N1,40
CC_44_B,N1,40
CC_44_B,N1,40
CC_44_B,N1,40
NO_44_C,N1,40
NO_44_C,N1,40
NO_44_C,N1,40
CC_44_C,N1,40
CC_44_C,N1,40
CC_44_C,N1,40
MI_44_A,N1,37.0681839
MI_44_A,N1,35.93847656
MI_44_A,N1,40
MI_44_B,N1,40
MI_44_B,N1,36.05959702
MI_44_B,N1,36.96446228
MI_44_C,N1,34.95228577
MI_44_C,N1,40
MI_44_C,N1,34.91578674
NO_46_A,N1,40
NO_46_A,N1,40
NO_46_A,N1,40
NO_46_B,N1,34.48264313
NO_46_B,N1,35.60493851
NO_46_B,N1,40
NO_46_C,N1,40
NO_46_C,N1,35.63273239
NO_46_C,N1,35.4449501
MI_46_A,N1,40
MI_46_A,N1,40
MI_46_A,N1,40
MI_46_B,N1,40
MI_46_B,N1,36.55429459
MI_46_B,N1,40
CC_46_A,N1,34.46654129
CC_46_A,N1,34.82517624
CC_46_A,N1,35.61754227
MI_46_C,N1,34.88358688
MI_46_C,N1,36.47377396
MI_46_C,N1,40
CC_46_B,N1,40
CC_46_B,N1,36.1607933
CC_46_B,N1,36.40187073
CC_46_C,N1,34.7922287
CC_46_C,N1,35.63950348
CC_46_C,N1,34.89160919
NO_45_A,N1,40
NO_45_A,N1,40
NO_45_A,N1,36.57226563
CC_45_A,N1,40
CC_45_A,N1,35.47822189
CC_45_A,N1,40
NO_45_B,N1,33.1954422
NO_45_B,N1,32.15543747
NO_45_B,N1,32.39475632
CC_45_B,N1,40
CC_45_B,N1,40
CC_45_B,N1,40
NO_45_C,N1,34.9311409
NO_45_C,N1,40
NO_45_C,N1,40
CC_45_C,N1,35.43554688
CC_45_C,N1,40
CC_45_C,N1,40
MI_45_A,N1,36.44670105
MI_45_A,N1,35.42215347
MI_45_A,N1,40
MI_45_B,N1,35.6736145
MI_45_B,N1,37.1014328
MI_45_B,N1,35.63896561
MI_45_C,N1,40
MI_45_C,N1,35.40239716
MI_45_C,N1,35.48513412
NO_47_A,N1,40
NO_47_A,N1,40
NO_47_A,N1,40
CC_47_A,N1,40
CC_47_A,N1,40
CC_47_A,N1,40
NO_47_B,N1,40
NO_47_B,N1,40
NO_47_B,N1,40
CC_47_B,N1,40
CC_47_B,N1,40
CC_47_B,N1,35.65425491
NO_47_C,N1,35.79623413
NO_47_C,N1,40
NO_47_C,N1,35.77537918
CC_47_C,N1,40
CC_47_C,N1,36.91041946
CC_47_C,N1,40
MI_47_A,N1,40
MI_47_A,N1,40
MI_47_A,N1,35.89023209
MI_47_B,N1,34.7191391
MI_47_B,N1,37.036026
MI_47_B,N1,35.62339401
MI_47_C,N1,40
MI_47_C,N1,40
MI_47_C,N1,34.77892685
NO_48_A,N1,40
NO_48_A,N1,40
NO_48_A,N1,40
CC_48_A,N1,35.98290253
CC_48_A,N1,40
CC_48_A,N1,40
NO_48_B,N1,40
NO_48_B,N1,35.66515732
NO_48_B,N1,40
CC_48_B,N1,35.74353027
CC_48_B,N1,40
CC_48_B,N1,36.67377472
NO_48_C,N1,34.82814026
NO_48_C,N1,40
NO_48_C,N1,40
CC_48_C,N1,40
CC_48_C,N1,40
CC_48_C,N1,35.70503616
MI_48_A,N1,37.0874939
MI_48_A,N1,40
MI_48_A,N1,35.79820633
MI_48_B,N1,40
MI_48_B,N1,40
MI_48_B,N1,35.61856842
MI_48_C,N1,40
MI_48_C,N1,40
MI_48_C,N1,40
NO_49_A,N1,40
NO_49_A,N1,40
NO_49_A,N1,40
CC_49_A,N1,36.13757324
CC_49_A,N1,40
CC_49_A,N1,40
NO_49_B,N1,40
NO_49_B,N1,40
NO_49_B,N1,35.88144684
CC_49_B,N1,40
CC_49_B,N1,40
CC_49_B,N1,40
NO_49_C,N1,40
NO_49_C,N1,40
NO_49_C,N1,34.93543625
CC_49_C,N1,40
CC_49_C,N1,36.96974945
CC_49_C,N1,37.05278397
MI_49_A,N1,40
MI_49_A,N1,40
MI_49_A,N1,40
MI_49_B,N1,40
MI_49_B,N1,40
MI_49_B,N1,40
MI_49_C,N1,40
MI_49_C,N1,35.95700073
MI_49_C,N1,40
NO_50_A,N1,40
NO_50_A,N1,40
NO_50_A,N1,40
NO_50_B,N1,40
NO_50_B,N1,35.18832016
NO_50_B,N1,35.9093132
NO_50_C,N1,40
NO_50_C,N1,40
NO_50_C,N1,40
MI_50_A,N1,35.97925568
MI_50_A,N1,40
MI_50_A,N1,40
MI_50_B,N1,40
MI_50_B,N1,40
MI_50_B,N1,40
MI_50_C,N1,37.06909561
MI_50_C,N1,40
MI_50_C,N1,40
CC_50_A,N1,40
CC_50_A,N1,35.85110855
CC_50_A,N1,40
CC_50_B,N1,40
CC_50_B,N1,36.79912186
CC_50_B,N1,40
CC_50_C,N1,37.02496719
CC_50_C,N1,36.73803329
CC_50_C,N1,36.60337448
NO_51_A,N1,40
NO_51_A,N1,40
NO_51_A,N1,40
CC_51_A,N1,40
CC_51_A,N1,35.99350739
CC_51_A,N1,40
NO_51_B,N1,40
NO_51_B,N1,40
NO_51_B,N1,35.58246994
CC_51_B,N1,40
CC_51_B,N1,40
CC_51_B,N1,40
NO_51_C,N1,37.06629562
NO_51_C,N1,35.96670532
NO_51_C,N1,40
CC_51_C,N1,40
CC_51_C,N1,40
CC_51_C,N1,40
MI_51_A,N1,40
MI_51_A,N1,36.82184982
MI_51_A,N1,40
MI_51_B,N1,36.24028778
MI_51_B,N1,40
MI_51_B,N1,40
MI_51_C,N1,40
MI_51_C,N1,40
MI_51_C,N1,40
NO_52_A,N1,40
NO_52_A,N1,40
NO_52_A,N1,40
CC_52_A,N1,40
CC_52_A,N1,40
CC_52_A,N1,40
NO_52_B,N1,40
NO_52_B,N1,40
NO_52_B,N1,40
CC_52_B,N1,37.00684738
CC_52_B,N1,40
CC_52_B,N1,40
NO_52_C,N1,40
NO_52_C,N1,40
NO_52_C,N1,40
CC_52_C,N1,40
CC_52_C,N1,40
CC_52_C,N1,40
MI_52_A,N1,40
MI_52_A,N1,40
MI_52_A,N1,40
MI_52_B,N1,40
MI_52_B,N1,40
MI_52_B,N1,40
MI_52_C,N1,35.92727661
MI_52_C,N1,40
MI_52_C,N1,36.98429489
